id,carbs_ingredients_id,meat_ingredients_id,vegetables_ingredients_id,amount_carbs,amount_meat,amount_vegetables
2,27,23,18,158,227,90
4,27,23,11,211,289,107
6,28,25,21,169,243,84
8,20,23,11,170,240,109
10,27,24,15,167,223,118
12,27,25,14,177,244,97
14,28,25,17,182,271,111
2,26,23,19,169,203,96
4,26,24,21,217,250,112
6,27,25,17,182,243,101
8,20,24,17,162,274,95
10,28,23,19,192,254,111
12,27,24,19,188,245,104
14,20,25,21,153,240,92
2,26,24,15,179,207,107
4,20,24,19,206,244,83
6,20,25,15,180,230,94
8,20,25,21,198,275,117
10,20,25,10,202,278,80
12,20,24,21,210,225,115
14,27,24,19,154,233,103
2,28,24,13,181,249,105
4,26,23,10,187,238,119
6,26,24,21,179,268,112
8,27,24,22,192,281,85
10,20,23,12,187,229,84
12,20,25,14,222,288,117
14,27,23,22,153,298,103
2,20,23,9,191,264,113
4,27,23,19,231,273,96
6,26,23,14,171,208,83
8,27,23,14,217,269,103
10,27,24,22,221,212,102
12,20,24,11,153,276,80
14,28,25,19,155,232,114
2,20,24,16,162,260,90
4,20,23,11,194,221,112
6,28,25,10,211,260,110
8,20,24,11,228,266,118
10,20,24,13,197,253,88
12,26,25,9,177,264,92
14,27,24,21,165,222,99
2,28,25,17,164,279,97
4,20,23,15,211,265,98
6,26,24,18,202,292,102
8,27,23,10,182,290,109
10,26,24,9,161,205,118
12,20,25,13,164,216,119
14,27,24,22,178,258,89
2,28,23,11,172,277,96
4,28,25,11,171,256,89
6,26,23,16,207,220,111
8,26,24,16,164,242,110
10,26,23,13,200,260,81
12,20,23,18,229,251,98
14,27,25,21,210,301,105
2,26,23,16,156,267,116
4,20,24,11,174,286,90
6,27,24,9,162,272,88
8,27,25,13,189,213,82
10,26,25,17,161,234,81
12,26,23,11,163,247,95
14,27,24,15,187,231,99
2,27,23,12,185,261,118
4,28,25,19,223,252,95
6,20,23,17,209,275,102
8,28,25,17,154,290,117
10,28,23,9,187,284,114
12,20,25,11,220,294,115
14,27,24,18,230,241,111
2,26,25,9,178,271,99
4,26,23,14,198,248,81
6,27,24,17,186,242,109
8,20,25,13,165,229,107
10,28,25,17,221,270,84
12,28,24,22,164,271,88
14,26,23,22,181,250,89
2,20,24,9,201,295,94
4,27,24,19,223,269,96
6,20,25,10,211,255,95
8,27,23,19,216,209,96
10,28,25,22,199,269,118
12,27,24,15,221,207,82
14,28,23,14,232,272,119
2,28,23,17,154,203,112
4,26,24,15,208,276,88
6,27,25,22,210,245,96
8,28,23,11,203,293,89
10,26,24,22,174,287,94
12,26,23,19,226,300,106
14,26,24,11,232,243,100
2,20,24,14,185,299,118
4,20,23,15,186,231,103
6,27,23,14,180,204,95
8,28,25,10,230,234,110
10,20,25,10,175,271,111
12,28,24,16,216,268,117
14,26,24,19,192,282,117
2,26,23,9,182,215,100
4,20,23,17,218,265,83
6,27,25,12,190,294,103
8,20,24,14,158,232,107
10,20,24,12,171,211,115
12,20,24,15,213,247,85
14,20,25,12,206,288,113
2,27,23,22,174,260,85
4,20,24,16,219,265,111
6,28,25,10,172,288,98
8,28,25,15,178,286,93
10,27,25,16,175,203,91
12,27,24,21,228,223,97
14,26,24,18,184,231,107
2,27,24,15,173,243,93
4,27,24,11,178,252,92
6,27,23,22,197,207,99
8,28,23,21,178,235,95
10,26,25,10,223,295,106
12,27,23,18,213,246,113
14,26,23,10,182,216,105
2,26,24,14,189,216,106
4,27,23,22,170,213,84
6,20,25,18,200,217,99
8,26,23,13,187,300,82
10,20,23,21,199,272,102
12,28,24,19,217,300,107
14,20,25,11,230,234,95
2,27,23,21,180,206,96
4,26,25,10,200,279,118
6,26,25,16,230,280,88
8,26,25,13,157,239,102
10,20,24,22,155,241,97
12,28,23,12,163,220,80
14,20,23,13,157,205,86
2,27,23,9,163,292,98
4,28,25,10,173,225,85
6,20,23,11,157,263,84
8,27,23,18,158,289,92
10,26,25,22,166,203,85
12,28,23,9,152,232,80
14,27,24,10,210,257,97
2,27,24,12,161,223,104
4,28,23,14,214,296,89
6,26,24,9,202,258,90
8,28,25,12,166,253,118
10,26,23,15,179,223,99
12,26,23,18,168,217,101
14,28,24,15,226,250,88
2,20,23,22,160,291,83
4,26,24,15,205,264,107
6,27,25,16,199,221,87
8,27,24,14,183,210,107
10,27,25,9,190,212,95
12,28,23,15,158,294,89
14,27,23,13,169,209,87
2,27,24,17,227,280,93
4,26,25,22,191,258,84
6,20,25,12,161,296,110
8,28,23,19,212,280,103
10,27,23,16,182,258,91
12,26,24,21,220,284,93
14,20,24,14,205,237,93
2,27,25,11,185,235,109
4,20,25,22,205,238,100
6,20,25,9,220,252,90
8,20,25,13,221,261,118
10,20,23,10,222,258,110
12,27,23,22,168,273,107
14,20,23,10,211,280,92
2,20,25,13,197,278,118
4,20,25,13,215,208,87
6,26,24,12,176,277,88
8,27,23,17,177,268,110
10,20,25,9,172,210,99
12,20,23,17,206,254,113
14,26,24,9,177,203,106
2,26,24,10,179,235,95
4,28,25,9,165,245,89
6,27,23,22,221,233,93
8,28,23,19,153,287,115
10,20,25,14,219,297,100
12,27,24,10,168,241,83
14,27,23,11,188,283,95
2,28,25,13,192,300,84
4,20,23,15,226,289,87
6,20,23,22,168,209,88
8,26,23,21,179,231,110
10,28,25,9,188,212,107
12,26,25,16,183,264,86
14,26,25,19,180,222,100
2,28,24,10,154,246,117
4,28,23,15,170,231,98
6,28,24,13,153,270,80
8,28,24,9,214,213,119
10,28,25,11,203,248,104
12,28,23,10,196,213,101
14,27,23,22,199,274,87
2,26,23,15,215,296,94
4,26,23,12,159,271,106
6,26,25,9,211,242,95
8,20,23,13,152,223,82
10,28,25,17,158,275,111
12,20,24,16,163,291,110
14,26,23,14,211,234,103
2,28,25,17,157,289,108
4,28,24,21,164,224,116
6,20,23,10,221,216,86
8,26,25,14,225,289,82
10,20,23,11,222,239,116
12,27,23,11,168,220,96
14,27,24,10,204,286,117
2,28,25,19,227,229,117
4,27,25,10,184,279,95
6,26,25,9,182,230,108
8,20,24,9,195,213,119
10,20,23,15,198,211,111
12,28,25,14,172,213,95
14,26,24,12,187,296,84
2,26,25,9,171,226,106
4,27,24,19,190,277,105
6,28,23,11,216,223,118
8,20,23,22,198,272,87
10,20,25,22,229,274,86
12,28,24,12,168,266,88
14,26,23,10,225,222,104
2,28,25,10,226,228,95
4,28,25,9,214,214,90
6,20,24,19,225,286,95
8,27,25,16,152,250,116
10,20,23,22,216,239,117
12,28,23,21,156,293,84
14,26,25,15,218,211,85
2,20,23,22,152,217,105
4,28,23,22,224,253,106
6,27,24,15,232,301,99
8,20,23,15,188,289,83
10,27,25,22,200,260,112
12,20,23,14,198,241,118
14,20,24,16,221,228,88
2,20,23,13,166,222,104
4,20,23,19,180,281,109
6,28,23,12,160,210,98
8,27,25,11,213,298,111
10,28,25,22,192,219,90
12,27,23,21,201,262,114
14,27,23,14,158,235,104
2,20,23,12,173,215,111
4,28,24,17,186,268,102
6,20,24,19,218,226,111
8,20,25,14,219,244,114
10,26,25,12,156,282,92
12,28,23,21,161,264,92
14,26,25,18,175,246,114
2,26,23,11,158,301,111
4,26,24,18,166,271,86
6,26,23,19,158,218,93
8,26,23,15,168,235,81
10,28,23,11,196,224,91
12,28,23,18,226,287,83
14,28,25,18,181,267,117
2,20,25,13,173,282,103
4,26,24,15,226,279,85
6,27,24,22,178,231,81
8,28,23,10,179,219,103
10,28,23,11,198,284,87
12,27,23,11,192,280,94
14,27,23,13,155,269,100
2,27,23,11,229,299,101
4,28,24,13,221,203,104
6,26,24,11,227,220,119
8,28,25,11,212,211,99
10,27,25,11,192,215,108
12,27,25,14,222,291,105
14,20,23,14,200,221,97
2,20,25,19,207,297,112
4,20,23,14,163,269,100
6,27,24,11,214,285,109
8,20,23,21,186,223,95
10,28,24,9,219,236,92
12,27,23,10,226,208,98
14,20,23,16,211,296,97
2,27,25,11,213,265,107
4,26,23,9,221,225,87
6,28,24,15,156,206,113
8,26,25,15,163,257,116
10,27,23,19,180,253,111
12,20,24,18,215,224,118
14,28,23,10,220,240,89
2,27,25,21,154,284,99
4,27,23,10,205,206,100
6,20,25,10,215,274,88
8,20,25,16,195,227,96
10,28,25,13,157,224,89
12,27,24,13,220,270,90
14,28,23,15,190,284,112
2,26,25,22,168,207,86
4,27,23,17,206,255,92
6,26,25,22,188,210,97
8,26,24,12,215,219,81
10,26,23,9,183,219,111
12,28,24,14,157,275,94
14,28,25,12,204,204,99
2,28,24,13,218,214,81
4,27,23,13,157,223,111
6,28,23,16,183,238,94
8,27,25,9,210,220,117
10,20,23,19,163,284,117
12,27,23,18,219,219,86
14,28,24,21,170,243,115
2,20,23,21,216,215,94
4,26,24,18,152,253,85
6,27,23,11,209,203,85
8,20,23,15,223,253,111
10,28,25,11,211,287,96
12,28,25,13,199,250,85
14,27,23,9,174,301,104
2,26,23,10,167,214,119
4,28,24,15,225,266,97
6,20,24,9,166,277,88
8,27,24,15,218,243,113
10,20,25,17,190,282,102
12,26,24,21,178,212,108
14,27,23,16,159,285,95
2,20,25,14,160,264,95
4,27,23,14,206,207,83
6,20,24,14,176,280,80
8,27,24,17,191,282,101
10,27,23,13,198,226,80
12,27,25,16,157,273,99
14,26,23,11,217,287,104
2,26,24,14,231,268,80
4,26,25,18,162,244,115
6,27,24,12,175,292,103
8,20,24,9,209,289,102
10,27,23,18,175,278,84
12,26,25,15,222,242,113
14,26,25,14,158,260,100
2,27,25,16,157,257,107
4,28,23,10,161,231,92
6,26,23,11,223,203,88
8,26,24,13,185,212,92
10,20,23,9,153,260,106
12,27,25,9,153,258,90
14,27,24,17,217,289,89
2,28,23,14,226,256,86
4,26,25,22,232,225,96
6,27,24,17,206,213,80
8,26,25,19,163,297,102
10,27,25,15,158,274,118
12,28,24,16,170,270,110
14,28,23,10,231,210,80
2,28,23,19,222,242,119
4,27,25,11,208,244,111
6,27,25,17,174,266,87
8,26,23,18,167,263,115
10,26,23,11,167,204,109
12,20,24,11,228,267,95
14,28,23,22,162,203,97
2,26,23,15,227,254,116
4,27,25,13,224,241,97
6,28,23,15,168,218,95
8,28,24,19,169,238,86
10,26,24,17,159,283,101
12,28,25,15,191,231,81
14,20,25,16,183,301,117
2,26,25,22,211,234,102
4,28,24,16,211,237,93
6,27,24,14,163,211,106
8,26,24,12,215,293,82
10,20,24,10,160,294,88
12,20,25,13,193,212,118
14,28,23,14,169,248,83
2,28,25,14,178,279,111
4,20,25,11,183,221,101
6,26,24,11,219,266,113
8,28,24,13,153,222,112
10,26,23,10,194,224,82
12,26,24,11,196,205,117
14,26,24,11,189,208,112
2,26,25,9,180,301,85
4,28,25,11,194,236,113
6,27,25,13,167,271,94
8,27,25,12,178,284,117
10,27,24,22,152,266,113
12,20,23,22,196,292,91
14,26,25,22,197,219,99
2,27,23,15,216,266,97
4,26,24,21,205,211,111
6,20,24,21,204,249,87
8,26,23,19,225,275,82
10,26,24,21,220,263,99
12,20,23,16,232,273,104
14,27,24,13,194,242,107
2,20,24,19,187,228,113
4,20,24,16,156,296,81
6,20,23,9,202,264,103
8,20,25,13,225,299,110
10,28,24,19,164,273,119
12,28,23,9,184,294,111
14,26,25,10,192,275,97
2,20,24,14,164,279,88
4,27,24,13,211,261,107
6,28,23,22,154,207,115
8,26,24,16,226,301,104
10,20,24,12,204,249,102
12,26,25,10,191,238,82
14,26,25,21,167,252,116
2,26,25,22,179,262,94
4,26,23,13,180,243,80
6,20,23,10,207,278,97
8,26,23,10,163,208,115
10,28,25,13,156,262,99
12,28,23,21,180,290,102
14,26,24,12,214,260,81
2,20,24,17,229,211,106
4,20,23,13,230,275,115
6,27,24,10,211,208,104
8,28,23,16,225,224,115
10,27,23,21,224,256,80
12,26,25,22,183,218,108
14,28,23,14,210,273,107
2,20,23,9,180,255,96
4,26,24,19,188,227,99
6,26,24,14,167,212,99
8,26,24,21,207,282,118
10,20,23,13,189,298,116
12,28,24,17,202,234,89
14,28,25,14,159,260,87
2,26,24,18,172,213,102
4,26,25,21,201,266,106
6,20,24,17,155,301,107
8,26,25,18,169,231,92
10,28,23,18,177,231,96
12,26,25,11,191,250,102
14,28,23,12,192,248,102
2,28,23,17,174,256,100
4,28,25,12,213,254,114
6,27,24,15,228,299,98
8,27,23,16,227,299,116
10,27,25,18,228,278,105
12,26,24,15,210,242,83
14,26,25,12,160,248,118
2,28,25,12,214,289,81
4,28,24,9,210,274,94
6,20,24,18,183,274,107
8,26,23,9,158,254,85
10,20,24,15,190,247,87
12,27,25,22,209,251,80
14,28,25,16,152,262,91
2,27,23,18,203,240,105
4,20,25,12,217,263,113
6,28,23,12,161,279,99
8,20,25,15,156,210,99
10,26,25,19,226,231,99
12,28,25,9,229,243,116
14,28,23,15,167,293,116
2,26,24,14,155,227,116
4,27,24,17,175,232,99
6,20,25,21,210,296,119
8,27,23,9,156,295,90
10,20,25,15,217,249,118
12,20,23,17,216,266,80
14,27,25,13,169,215,86
2,27,23,9,205,219,86
4,27,25,21,206,289,115
6,28,25,14,182,271,96
8,27,25,11,175,293,117
10,28,23,9,200,285,114
12,26,25,21,205,239,81
14,28,23,21,194,256,93
2,27,23,19,162,206,94
4,27,25,9,209,276,107
6,27,25,21,205,212,95
8,28,25,12,174,215,116
10,20,25,16,214,228,109
12,20,23,16,162,248,88
14,27,23,15,208,281,83
2,28,23,12,195,222,80
4,28,24,13,202,262,83
6,27,23,21,206,237,101
8,26,23,13,180,267,106
10,20,23,22,230,225,81
12,27,23,12,180,286,103
14,26,24,22,188,277,89
2,28,25,11,196,285,115
4,27,23,12,168,248,95
6,27,25,14,166,269,106
8,27,24,12,228,245,113
10,26,24,14,210,218,93
12,20,24,13,208,291,115
14,27,25,13,157,213,98
2,20,24,13,208,267,93
4,20,25,13,154,256,111
6,26,23,10,163,265,107
8,26,23,22,207,207,108
10,26,25,11,217,231,91
12,27,24,19,199,260,112
14,28,24,16,216,217,91
2,26,25,11,195,257,114
4,26,25,12,209,255,108
6,20,24,19,222,279,112
8,27,24,10,205,257,90
10,28,24,19,203,277,82
12,27,24,17,211,204,110
14,27,25,18,169,239,119
2,27,23,13,168,261,96
4,26,24,21,219,230,100
6,26,24,11,187,235,101
8,26,25,17,230,269,101
10,20,25,22,194,227,112
12,20,24,18,216,237,104
14,27,25,13,232,239,114
2,26,23,14,194,217,111
4,28,23,22,152,207,102
6,28,23,14,209,219,84
8,26,23,9,152,233,113
10,20,23,22,230,290,117
12,26,25,18,213,242,98
14,26,23,11,172,205,119
2,26,23,16,201,262,118
4,20,23,18,222,253,102
6,28,25,15,186,225,119
8,27,24,17,167,287,83
10,20,25,19,223,283,82
12,28,24,21,200,259,94
14,27,25,15,212,271,113
2,28,24,9,198,278,99
4,27,23,18,167,284,93
6,27,23,19,165,237,103
8,20,25,16,220,218,109
10,26,24,16,175,225,82
12,26,25,18,172,237,114
14,26,25,14,207,293,85
2,26,23,21,220,259,111
4,28,25,17,210,243,93
6,26,24,10,216,290,115
8,27,25,16,210,299,114
10,26,23,18,228,244,100
12,20,25,12,186,281,117
14,20,24,10,170,280,116
2,26,23,9,227,228,105
4,28,25,19,194,288,98
6,26,23,11,202,206,102
8,28,25,9,212,246,85
10,20,23,18,183,240,81
12,20,24,16,171,279,87
14,26,24,11,163,230,80
2,28,25,13,206,262,102
4,27,25,10,208,262,89
6,28,24,17,216,217,89
8,28,23,11,172,272,95
10,20,25,17,231,242,109
12,26,24,18,182,297,93
14,20,25,15,203,209,84
2,20,25,19,189,278,99
4,20,25,14,218,227,89
6,20,24,10,167,206,107
8,27,23,12,210,248,91
10,20,23,17,225,296,110
12,27,23,9,229,273,82
14,20,24,10,208,218,108
2,20,23,11,211,270,118
4,20,25,9,191,270,118
6,20,24,19,180,247,105
8,28,24,13,182,208,104
10,28,25,12,195,282,95
12,28,24,12,178,267,112
14,27,23,16,159,294,108
2,26,24,10,202,297,93
4,28,25,16,211,272,106
6,28,25,11,182,289,113
8,26,24,16,198,226,114
10,28,24,18,224,252,109
12,26,24,16,190,245,88
14,28,24,22,152,260,86
2,26,24,19,205,285,106
4,27,24,17,199,263,85
6,27,23,14,191,260,105
8,28,25,17,217,234,93
10,28,23,18,164,256,111
12,20,25,17,170,256,110
14,28,24,22,232,217,87
2,26,25,14,159,239,116
4,27,23,16,200,286,106
6,28,25,10,169,267,113
8,28,25,17,227,259,84
10,28,24,12,221,208,95
12,26,25,10,165,229,88
14,20,23,17,188,284,115
2,20,24,9,171,293,89
4,27,25,21,180,278,109
6,27,25,9,198,289,99
8,20,25,17,190,220,104
10,26,25,22,195,223,114
12,26,23,17,198,301,83
14,20,24,15,231,255,116
2,28,25,19,153,224,80
4,20,24,16,223,279,105
6,28,23,11,202,220,112
8,26,25,22,180,235,90
10,28,24,10,226,223,96
12,26,24,18,159,219,89
14,20,24,16,209,230,103
2,20,25,12,154,293,83
4,26,25,11,175,225,81
6,28,23,15,206,232,91
8,26,25,14,182,279,114
10,20,24,12,155,203,92
12,27,24,12,212,259,103
14,28,23,17,174,297,113
2,27,24,22,222,285,101
4,27,24,14,197,210,94
6,20,23,13,170,258,85
8,28,23,11,210,263,80
10,28,24,18,189,285,114
12,20,24,13,191,212,109
14,27,24,10,188,290,119
2,20,24,11,161,204,90
4,27,25,15,191,245,98
6,28,24,11,154,266,112
8,27,25,19,226,236,98
10,20,24,22,219,260,88
12,28,25,10,223,213,81
14,20,25,22,212,239,98
2,26,23,12,157,282,88
4,26,23,13,217,247,110
6,28,23,22,225,223,96
8,28,25,17,205,238,110
10,20,24,19,162,259,116
12,20,23,16,179,245,107
14,20,25,22,226,215,95
2,26,25,21,173,279,102
4,27,23,19,181,226,83
6,28,25,18,195,265,98
8,27,23,15,231,291,112
10,26,23,13,195,230,87
12,28,25,19,160,241,91
14,20,25,18,189,218,105
2,27,24,15,170,292,99
4,27,24,15,177,294,106
6,27,25,21,181,222,104
8,26,23,12,154,240,108
10,27,23,11,156,290,119
12,20,24,14,180,211,96
14,26,23,11,188,273,119
2,28,23,22,225,287,88
4,27,24,17,199,294,90
6,27,24,11,162,221,110
8,28,23,10,223,250,95
10,20,24,11,154,263,105
12,27,25,18,229,203,108
14,26,25,14,203,225,99
2,28,23,14,205,238,81
4,26,23,13,182,259,102
6,27,25,12,197,218,106
8,28,24,13,155,243,105
10,27,25,18,218,211,90
12,20,24,11,216,268,80
14,26,23,12,172,260,92
2,27,25,9,223,210,108
4,20,25,18,156,246,96
6,27,24,21,208,259,90
8,20,24,13,213,291,85
10,20,24,10,202,272,86
12,26,25,16,221,289,105
14,28,24,17,177,253,81
2,20,24,15,201,289,94
4,20,23,11,205,279,116
6,28,23,14,185,262,107
8,20,24,14,211,284,87
10,20,25,12,204,297,104
12,26,23,12,182,261,81
14,27,24,13,232,292,83
2,27,25,22,184,286,98
4,28,24,10,177,219,111
6,20,23,15,155,211,84
8,26,24,14,180,296,108
10,26,25,11,163,236,117
12,27,25,9,227,292,116
14,27,23,21,202,245,91
2,27,24,18,188,293,118
4,28,25,11,222,203,80
6,27,23,11,159,269,92
8,26,25,12,223,225,90
10,20,25,10,153,269,101
12,28,25,21,160,228,81
14,28,24,21,223,277,117
2,26,23,12,170,242,106
4,20,23,19,159,225,86
6,20,24,21,184,241,106
8,28,24,18,175,261,93
10,26,24,16,176,252,97
12,27,25,19,206,258,115
14,26,24,18,186,289,113
2,26,25,22,219,250,107
4,27,23,18,163,234,116
6,20,24,21,167,286,91
8,28,23,13,167,264,101
10,26,24,10,199,214,94
12,28,25,19,193,260,108
14,27,23,21,160,268,117
2,26,25,17,195,238,101
4,27,25,10,155,225,86
6,26,23,18,192,242,118
8,20,24,16,206,257,101
10,20,23,12,176,269,102
12,28,25,13,183,280,88
14,28,25,15,165,268,119
2,27,24,12,165,270,90
4,28,24,21,192,235,102
6,28,25,9,184,230,93
8,28,23,10,222,300,100
10,20,24,11,207,295,89
12,20,25,16,203,296,114
14,27,23,10,157,281,114
2,26,24,14,189,216,88
4,27,25,9,222,280,83
6,20,23,21,158,271,91
8,20,24,15,188,211,119
10,28,24,10,224,237,83
12,26,24,21,157,262,85
14,20,23,9,197,271,94
2,20,25,21,163,281,113
4,26,25,18,206,241,84
6,27,25,12,179,272,110
8,27,24,12,228,212,107
10,28,23,22,163,255,82
12,28,24,17,210,211,95
14,26,24,18,180,298,94
2,26,23,21,211,229,112
4,27,24,15,191,233,100
6,28,24,22,160,286,118
8,20,23,19,194,213,81
10,27,24,15,209,295,111
12,28,23,13,159,295,105
14,27,24,21,164,279,87
2,26,24,14,232,265,108
4,27,25,13,179,259,98
6,27,24,17,181,204,95
8,28,23,19,163,300,109
10,20,23,16,159,265,89
12,27,24,14,155,221,82
14,26,25,13,209,285,82
2,20,23,21,204,259,98
4,28,25,16,192,204,102
6,20,25,11,232,296,114
8,26,24,9,190,250,118
10,20,25,18,222,259,87
12,26,24,9,182,266,86
14,27,24,19,231,274,95
2,28,25,10,210,229,82
4,20,24,18,219,209,84
6,28,25,22,227,255,111
8,27,23,14,164,223,107
10,20,23,18,158,239,96
12,27,25,15,188,243,107
14,26,24,16,167,209,80
2,26,25,17,167,261,82
4,26,24,14,202,205,108
6,27,23,19,204,259,117
8,27,25,16,161,282,84
10,28,25,19,205,268,94
12,26,24,11,218,297,111
14,26,25,22,179,298,101
2,28,23,18,166,218,116
4,20,25,13,220,298,95
6,27,23,17,167,210,80
8,27,23,9,189,220,92
10,28,25,18,194,223,106
12,20,23,22,193,282,118
14,20,23,18,193,212,102
2,20,23,9,225,224,116
4,27,25,9,197,291,89
6,28,23,19,231,234,100
8,27,24,11,230,266,101
10,20,24,12,205,279,96
12,28,25,13,185,235,83
14,26,25,16,228,224,108
2,20,25,10,179,299,108
4,28,23,16,214,298,119
6,20,25,21,153,223,83
8,26,24,18,174,233,93
10,27,25,17,203,242,109
12,20,25,15,205,282,105
14,27,25,19,161,220,101
2,28,25,21,168,261,108
4,27,23,14,163,290,94
6,27,23,10,173,216,113
8,27,25,22,206,209,80
10,28,24,19,212,296,118
12,27,23,10,173,274,110
14,20,25,17,164,293,81
2,27,25,16,165,282,113
4,26,24,9,168,238,88
6,20,25,21,228,267,113
8,20,24,11,193,278,108
10,20,24,18,178,289,104
12,20,24,9,176,227,97
14,27,25,13,210,263,104
2,20,25,10,187,229,95
4,28,24,21,202,272,103
6,27,23,12,159,298,103
8,28,24,21,209,296,95
10,28,25,12,189,231,85
12,28,23,11,153,215,112
14,28,23,22,225,273,93
2,28,25,15,201,226,100
4,26,25,11,153,274,94
6,26,23,21,202,256,100
8,20,25,9,177,257,111
10,20,24,11,217,291,111
12,27,23,15,175,242,111
14,20,23,19,184,269,114
2,27,25,10,199,205,107
4,28,23,11,218,220,101
6,26,24,10,174,256,89
8,28,25,16,211,213,96
10,27,24,14,158,212,106
12,26,25,13,217,255,110
14,28,25,15,158,267,93
2,28,25,19,219,239,107
4,26,23,21,162,263,108
6,28,23,11,230,289,91
8,26,25,10,174,236,85
10,27,24,11,214,240,98
12,28,25,17,169,246,116
14,26,24,12,215,205,82
2,27,24,19,184,258,118
4,26,23,15,213,210,96
6,27,23,19,186,225,119
8,20,25,12,198,246,89
10,27,25,17,205,244,101
12,27,23,14,208,241,112
14,20,24,12,225,230,111
2,27,23,14,153,261,85
4,26,25,16,215,234,100
6,26,23,17,172,219,97
8,20,25,16,155,242,114
10,28,23,14,176,256,112
12,27,24,16,227,244,92
14,28,25,12,223,267,110
2,26,25,14,174,261,102
4,26,24,16,228,245,104
6,27,24,11,218,225,99
8,28,24,12,232,226,96
10,20,24,12,171,211,93
12,28,25,11,226,274,118
14,28,24,12,158,227,110
2,27,23,16,187,218,91
4,28,25,13,199,228,119
6,20,24,12,164,243,83
8,20,23,19,211,275,84
10,27,25,12,184,253,102
12,26,23,16,177,230,94
14,28,25,14,182,267,97
2,27,24,13,156,267,96
4,28,25,15,173,268,116
6,28,25,22,166,239,81
8,28,24,16,199,214,101
10,26,24,13,199,254,116
12,28,24,17,196,239,113
14,20,23,18,218,256,89
2,28,25,10,207,203,83
4,28,23,18,198,292,91
6,28,24,10,216,244,88
8,26,23,19,231,209,94
10,26,23,16,203,280,99
12,20,25,11,225,264,104
14,26,25,13,188,260,93
2,20,24,13,161,249,103
4,26,25,10,152,277,104
6,28,23,11,225,237,110
8,27,23,17,226,235,116
10,20,24,12,192,212,88
12,28,23,18,184,233,114
14,27,23,22,200,219,114
2,26,25,22,197,290,85
4,26,24,18,232,273,113
6,28,23,10,152,243,90
8,20,24,21,175,230,115
10,20,23,19,201,224,81
12,20,25,18,181,289,108
14,28,24,9,152,290,85
2,27,25,12,169,284,105
4,26,23,17,211,222,102
6,20,25,14,194,235,110
8,20,25,14,221,209,119
10,26,25,16,156,278,100
12,27,24,16,200,227,89
14,20,25,9,156,301,110
2,28,25,13,193,244,119
4,27,24,11,227,258,115
6,28,24,14,165,219,118
8,26,25,22,203,296,114
10,20,24,12,185,287,84
12,28,23,15,206,211,97
14,28,25,21,232,263,98
2,20,24,11,229,203,101
4,26,25,16,169,237,88
6,20,25,18,191,224,119
8,20,25,21,159,262,119
10,20,25,15,209,278,95
12,28,25,9,223,236,111
14,27,24,9,204,244,88
2,20,23,15,220,217,99
4,28,23,14,152,245,85
6,20,25,9,211,220,100
8,26,23,18,191,223,84
10,28,23,19,153,203,102
12,26,25,14,160,257,82
14,20,23,21,178,261,95
2,28,25,14,225,267,107
4,20,23,9,170,299,107
6,27,23,15,181,294,106
8,27,25,16,225,220,117
10,20,25,9,193,251,105
12,28,25,21,212,259,108
14,20,23,10,158,212,80
2,20,24,9,188,295,90
4,28,25,16,155,276,109
6,26,24,9,232,250,116
8,27,23,16,187,237,111
10,28,25,11,219,270,114
12,26,23,9,184,298,95
14,28,25,11,221,269,116
2,28,24,17,227,240,117
4,28,24,11,175,291,87
6,26,25,11,187,276,93
8,27,24,14,202,247,115
10,20,24,16,154,226,101
12,28,25,12,188,274,99
14,27,25,10,153,234,114
2,27,25,17,171,283,119
4,26,25,13,198,250,116
6,20,24,18,176,230,80
8,20,25,10,223,263,110
10,27,25,13,192,210,93
12,28,23,16,164,222,96
14,28,25,18,225,209,116
2,26,24,16,161,204,93
4,26,25,22,218,263,94
6,27,25,15,195,278,88
8,27,24,17,184,284,106
10,26,25,9,223,226,110
12,28,23,18,232,259,119
14,28,24,10,157,263,90
2,26,24,10,166,241,91
4,20,25,14,203,229,112
6,28,24,10,230,248,112
8,27,25,9,185,248,95
10,27,23,11,215,208,114
12,26,24,9,223,217,112
14,20,25,16,177,286,84
2,28,24,19,197,277,107
4,20,23,16,157,262,89
6,28,24,19,156,285,108
8,20,25,21,209,203,81
10,20,23,9,152,254,105
12,26,23,14,229,230,101
14,26,23,10,185,276,117
2,27,23,17,204,213,104
4,28,25,13,201,275,81
6,20,25,21,204,206,99
8,20,25,14,217,267,82
10,28,23,18,231,221,100
12,28,24,9,231,213,118
14,26,23,17,153,253,94
2,27,25,21,224,272,97
4,28,25,17,219,263,100
6,26,24,13,179,243,91
8,27,25,10,192,268,91
10,28,24,12,195,216,91
12,20,25,18,169,280,80
14,26,23,16,152,255,85
2,27,25,15,187,275,81
4,28,23,11,213,290,119
6,28,23,11,208,262,85
8,26,25,18,204,297,83
10,26,23,12,167,292,81
12,20,23,21,174,269,106
14,27,23,18,218,262,97
2,20,23,12,214,260,114
4,28,23,15,201,220,118
6,26,25,14,155,256,109
8,27,24,18,190,268,113
10,28,25,16,228,295,112
12,28,25,21,213,237,116
14,26,25,15,161,266,94
2,20,23,11,216,243,85
4,28,25,10,208,205,103
6,26,24,11,193,258,117
8,28,24,9,216,204,101
10,26,24,11,178,231,114
12,28,24,14,218,232,105
14,28,24,22,177,279,116
2,27,24,22,208,297,111
4,20,24,17,207,294,90
6,27,23,14,177,287,114
8,27,25,14,218,270,105
10,20,25,14,228,260,112
12,28,25,13,226,268,107
14,27,24,10,211,272,113
2,26,23,10,226,267,103
4,27,23,22,203,238,113
6,28,24,19,208,285,116
8,26,25,17,183,231,98
10,20,25,9,166,260,86
12,26,24,11,192,211,106
14,26,23,22,206,254,92
2,27,25,18,197,233,89
4,27,25,18,153,215,112
6,27,25,19,226,239,99
8,20,25,14,159,300,89
10,26,24,12,184,247,111
12,20,24,18,208,213,118
14,26,24,9,212,293,113
2,20,24,13,191,213,103
4,27,24,15,155,285,87
6,27,25,14,203,284,85
8,27,23,17,175,208,106
10,28,23,15,197,286,102
12,26,24,19,225,296,106
14,28,25,9,170,276,83
2,26,23,22,231,249,116
4,20,23,15,220,251,104
6,28,25,13,174,229,94
8,27,24,13,195,234,114
10,27,25,19,177,253,90
12,28,24,14,200,253,117
14,27,23,21,172,238,116
2,20,25,10,152,208,101
4,26,24,21,202,292,88
6,28,24,10,195,293,90
8,20,24,21,154,257,119
10,28,25,16,216,205,115
12,27,25,22,176,270,116
14,27,23,13,165,235,108
2,27,24,9,218,231,111
4,27,24,13,182,235,103
6,20,25,21,208,278,101
8,26,23,10,201,300,90
10,26,25,14,228,277,110
12,26,24,16,211,299,87
14,20,24,13,193,243,83
2,28,24,18,185,282,100
4,27,25,21,204,282,89
6,27,24,15,154,270,84
8,26,23,16,202,296,98
10,28,24,10,224,287,114
12,20,25,16,169,228,87
14,26,24,10,223,251,99
2,27,25,11,154,278,119
4,20,23,13,171,208,88
6,20,23,15,173,214,101
8,26,24,16,159,274,97
10,20,25,21,229,236,90
12,20,23,14,171,245,84
14,27,24,22,187,227,100
2,28,25,13,227,241,88
4,27,25,17,159,220,98
6,27,25,21,226,265,108
8,20,25,16,158,244,110
10,27,24,22,160,265,119
12,26,24,11,174,252,114
14,20,23,21,209,269,99
2,26,23,22,172,229,115
4,27,25,19,222,239,115
6,27,25,18,165,220,102
8,28,24,19,168,267,87
10,27,24,14,186,231,113
12,28,24,22,204,224,108
14,20,24,22,161,298,102
2,26,25,22,219,246,109
4,20,25,12,197,279,100
6,27,23,18,181,216,106
8,28,25,9,202,269,119
10,26,25,14,210,203,83
12,26,25,14,227,220,115
14,26,23,18,162,279,113
2,28,24,14,208,289,118
4,28,23,9,211,224,94
6,20,24,12,229,261,92
8,28,23,9,166,249,94
10,27,25,15,223,246,105
12,28,25,22,154,210,111
14,20,25,15,195,240,84
2,26,24,18,219,242,86
4,28,24,13,232,226,94
6,26,24,13,193,287,112
8,27,24,11,195,221,114
10,28,24,14,204,249,96
12,20,25,9,202,244,90
14,28,25,19,229,234,96
2,20,23,19,174,287,116
4,27,23,14,212,244,110
6,27,24,22,152,300,98
8,26,24,18,166,247,116
10,28,24,22,160,284,94
12,26,24,21,169,285,86
14,26,24,14,195,252,100
2,28,25,15,225,212,95
4,28,25,18,196,203,104
6,27,24,10,170,233,119
8,26,24,16,156,229,108
10,26,24,14,226,255,99
12,28,24,22,196,207,93
14,26,24,18,171,238,102
2,20,25,14,168,246,89
4,27,24,9,195,266,93
6,26,23,22,201,243,94
8,26,24,9,174,275,80
10,26,25,9,217,245,100
12,20,23,12,160,250,107
14,27,24,21,207,223,118
2,20,23,12,192,259,86
4,27,24,19,188,238,109
6,26,23,18,224,295,104
8,28,24,17,210,293,86
10,26,25,14,179,211,98
12,20,24,9,210,283,109
14,27,24,14,178,269,96
2,28,25,18,217,271,118
4,20,25,19,214,275,108
6,27,25,16,199,241,113
8,20,23,21,163,274,86
10,20,24,10,163,276,93
12,20,24,22,196,233,105
14,26,25,12,209,284,95
2,26,24,11,206,208,85
4,20,24,16,210,257,102
6,28,25,18,174,231,102
8,28,24,21,214,301,113
10,20,25,9,162,260,86
12,28,23,15,156,248,116
14,28,25,21,219,288,81
2,28,23,11,173,252,104
4,27,23,22,205,242,90
6,20,25,11,185,221,104
8,27,23,15,155,250,112
10,20,23,18,194,214,93
12,20,23,9,195,289,84
14,20,25,22,178,258,90
2,20,24,10,216,260,118
4,20,25,14,227,295,101
6,20,24,12,162,208,109
8,26,23,16,209,204,98
10,20,25,15,221,244,99
12,28,23,12,228,257,114
14,20,24,15,172,253,84
2,26,23,11,214,252,117
4,27,24,17,174,212,117
6,20,24,22,210,208,91
8,27,23,19,186,220,104
10,26,25,14,193,282,89
12,27,25,9,193,240,94
14,20,23,10,212,243,119
2,26,25,12,170,264,86
4,20,25,11,167,234,80
6,26,25,12,160,216,116
8,20,23,12,183,214,115
10,27,23,15,189,207,99
12,20,25,16,194,299,88
14,26,25,9,228,266,99
2,27,23,21,185,212,93
4,20,23,10,169,232,103
6,20,25,15,220,263,100
8,27,24,17,190,236,108
10,28,23,13,214,269,84
12,28,25,15,229,237,84
14,28,25,16,205,207,80
2,28,25,18,182,224,87
4,27,23,15,202,257,117
6,26,24,15,196,215,99
8,27,24,12,229,266,114
10,26,23,22,164,280,108
12,26,23,18,217,240,98
14,27,24,14,207,286,119
2,20,25,17,204,213,82
4,28,24,13,225,239,108
6,20,23,10,191,282,112
8,26,23,11,159,254,110
10,20,23,18,206,213,90
12,27,25,14,193,251,84
14,27,24,22,155,288,97
2,27,24,17,212,287,107
4,28,24,21,162,282,116
6,28,25,16,188,259,92
8,28,24,18,226,294,80
10,28,24,19,212,209,108
12,28,23,19,210,205,83
14,27,23,11,163,229,116
2,20,23,13,224,274,100
4,20,25,16,153,243,100
6,26,25,12,216,280,87
8,28,23,18,152,212,104
10,27,24,21,197,219,94
12,27,24,16,219,221,84
14,27,23,18,191,261,116
2,27,25,10,223,238,96
4,28,23,17,217,265,112
6,26,25,19,190,295,83
8,28,25,22,188,220,90
10,26,24,10,208,291,112
12,28,25,13,209,296,103
14,26,23,18,178,245,97
2,28,24,13,209,223,104
4,20,24,12,156,210,86
6,26,25,18,176,292,81
8,28,25,14,181,203,111
10,20,25,14,184,295,98
12,20,25,16,157,294,108
14,28,24,19,158,239,100
2,26,25,17,223,216,88
4,27,23,13,168,203,83
6,26,23,12,209,283,82
8,27,23,19,212,247,105
10,27,25,11,188,294,108
12,20,24,15,218,301,118
14,26,23,22,170,273,102
2,26,25,18,182,218,94
4,26,25,17,158,242,118
6,20,23,21,213,301,89
8,26,23,12,225,215,88
10,26,24,18,200,218,83
12,20,23,18,221,214,98
14,27,25,9,179,222,88
2,26,24,13,188,232,93
4,27,25,21,206,236,109
6,20,23,13,219,206,100
8,20,24,22,209,286,119
10,26,25,15,193,296,96
12,26,23,9,193,225,94
14,28,24,16,208,230,83
2,20,25,14,177,245,85
4,26,24,21,162,246,85
6,27,24,22,199,229,112
8,27,23,11,183,270,94
10,27,25,11,170,250,90
12,20,23,18,210,254,114
14,28,24,14,158,210,93
2,27,25,12,191,241,103
4,28,23,22,197,297,82
6,28,24,19,154,296,115
8,28,23,19,177,240,108
10,26,25,9,168,205,104
12,28,24,21,174,267,95
14,26,25,19,181,295,107
2,26,25,10,217,287,117
4,27,24,16,178,238,107
6,28,25,18,155,219,93
8,27,25,15,201,222,113
10,28,24,11,182,278,87
12,27,23,13,157,256,100
14,20,23,9,186,203,102
2,20,25,21,217,207,108
4,28,23,10,225,267,92
6,26,24,10,189,241,95
8,26,23,9,209,235,104
10,28,24,16,220,290,106
12,27,25,21,203,231,106
14,26,24,12,191,206,100
2,28,23,9,157,246,110
4,28,23,16,195,291,89
6,28,23,21,207,219,110
8,26,23,11,227,216,100
10,26,23,21,229,256,105
12,27,25,22,194,256,93
14,27,23,16,208,262,107
2,26,25,15,210,238,86
4,27,25,10,188,258,100
6,26,25,19,196,288,114
8,28,25,10,163,204,89
10,28,23,21,186,227,97
12,26,23,18,208,229,101
14,20,24,14,218,266,94
2,27,23,17,191,245,118
4,27,25,14,195,246,88
6,27,25,21,201,283,85
8,26,23,17,198,257,102
10,27,23,18,188,277,91
12,27,23,22,192,271,82
14,28,25,11,192,217,97
2,26,23,12,215,228,81
4,26,23,18,208,253,110
6,26,25,15,178,216,111
8,27,25,16,203,257,112
10,20,25,22,159,272,104
12,27,24,12,220,208,81
14,20,24,21,158,240,94
2,28,23,18,155,254,101
4,26,24,10,157,216,81
6,28,23,19,194,256,115
8,20,25,21,221,248,112
10,26,25,21,180,210,91
12,20,25,16,163,206,119
14,26,25,15,214,208,106
2,20,23,19,155,286,105
4,26,24,17,158,265,102
6,20,24,18,153,244,104
8,28,23,14,181,251,109
10,20,24,21,170,218,113
12,28,25,18,161,216,81
14,20,25,18,211,203,85
2,28,25,11,154,272,85
4,20,23,17,211,262,118
6,28,23,21,211,231,90
8,20,23,11,180,218,86
10,28,24,19,193,275,91
12,20,24,19,223,255,107
14,27,24,12,154,224,89
2,28,25,18,170,299,105
4,28,23,10,211,287,104
6,20,24,14,216,271,94
8,20,23,22,177,232,117
10,27,23,12,226,253,92
12,20,25,22,204,251,98
14,26,23,13,218,301,93
2,26,25,14,231,225,112
4,20,24,16,216,265,97
6,26,23,21,208,204,88
8,28,24,10,160,232,110
10,28,24,12,193,208,96
12,26,23,19,172,213,88
14,27,24,14,221,248,114
2,28,25,11,169,238,108
4,26,24,17,161,294,94
6,27,24,21,219,226,115
8,27,25,17,228,244,91
10,20,24,10,224,265,101
12,20,24,21,213,235,103
14,26,25,9,174,233,114
2,20,24,10,206,204,95
4,20,25,11,168,246,88
6,26,24,17,217,288,103
8,27,25,21,154,272,111
10,20,23,21,214,272,97
12,28,24,18,153,223,95
14,27,25,22,198,218,99
2,28,23,21,207,287,106
4,20,23,9,185,258,98
6,28,25,21,190,279,98
8,26,24,14,196,233,82
10,28,25,13,214,279,114
12,28,23,14,231,233,101
14,20,24,16,211,256,82
2,28,25,12,230,244,82
4,20,23,15,195,252,115
6,27,23,22,202,300,94
8,20,23,12,197,240,93
10,20,24,21,176,286,90
12,26,25,17,212,294,96
14,27,25,11,163,267,94
2,27,24,14,203,299,117
4,26,23,10,188,239,83
6,26,25,18,188,226,115
8,20,23,21,192,253,93
10,28,23,19,185,268,87
12,20,25,12,197,273,94
14,28,25,14,223,232,80
2,27,24,11,200,285,104
4,26,23,15,187,227,100
6,28,23,19,152,281,83
8,20,23,22,217,236,109
10,28,24,11,195,238,100
12,27,23,18,168,206,117
14,26,24,17,199,283,112
2,20,25,11,186,282,110
4,28,25,11,155,203,84
6,28,25,17,157,209,105
8,20,23,16,168,269,87
10,27,25,18,207,297,99
12,26,24,10,202,283,119
14,26,24,21,171,265,95
2,26,25,19,224,259,116
4,28,23,19,220,222,92
6,27,24,18,163,269,104
8,20,24,17,205,271,82
10,20,25,11,179,216,89
12,28,25,16,217,219,88
14,28,25,10,197,264,104
2,20,24,15,163,216,109
4,20,24,11,161,253,113
6,28,24,14,198,295,116
8,27,23,18,218,298,92
10,27,24,12,186,261,115
12,27,23,15,176,243,104
14,27,23,13,229,216,109
2,26,24,9,219,287,113
4,20,25,18,226,276,100
6,26,25,10,207,233,98
8,28,24,15,206,251,104
10,20,24,13,184,265,90
12,28,25,11,203,206,95
14,27,24,17,181,226,84
2,20,24,11,157,297,94
4,27,24,14,169,230,85
6,26,24,13,186,222,92
8,26,25,22,169,227,83
10,20,23,10,173,293,99
12,20,23,9,182,257,106
14,20,23,19,204,227,97
